prompt,filename,sha256,search_query,note
A Japanese stop sign used from 1960 to 1963,1.jpg,1e0d18655e76a14daf42276d7284d90675a8c78c55a6c6c80efe40239c237bcb,A Japanese stop sign used from 1960 to 1963,User must manually select an appropriate image from search results
A deluxe taxi in South Korea in the mid-2020s,2.jpg,0f7077d5cb6ecfa9a3c17b43d26bcb2077bfe117b2caa05117cc2d3800e3326a,A deluxe taxi in South Korea in the mid-2020s,User must manually select an appropriate image from search results
A London Metropolitan Police officer uniform in 2026,3.jpg,7d34f784ad204246b08a76c7503f9fcc766198654a703ac32d04c698c9f829c8,A London Metropolitan Police officer uniform in 2026,User must manually select an appropriate image from search results
The front side of a U.S. 100 dollar bill in 2026,4.jpg,73df3f0a60dba61369d8b1075f2cedbe0ab34e856d8bd602b466245b28e4870a,The front side of a U.S. 100 dollar bill in 2026,User must manually select an appropriate image from search results
A Swiss Guard uniform at the Vatican in 2005,5.jpg,4b442e7eb5efd7f33bab46410f59e3d5ab6bcae401257728505dd5cd7c82ac26,A Swiss Guard uniform at the Vatican in 2005,User must manually select an appropriate image from search results
A British passport cover issued in early 2026,6.jpg,dec77b9f9897360fe728fc78cf861b6b7d49200913a11254d619223c1c195345,A British passport cover issued in early 2026,User must manually select an appropriate image from search results
A German pedestrian crossing sign in 2026,7.jpg,d777a7cec2ca6963623211344bdd3e383ffd95db277ce58c8ec0f0394f17659b,A German pedestrian crossing sign in 2026,User must manually select an appropriate image from search results
The front side of a 50 euro banknote from the Europa series,8.jpg,3eff1efabf52dede3a020c232f995095f22ef13015a91e47f745dc8fa528f8e3,The front side of a 50 euro banknote from the Europa series,User must manually select an appropriate image from search results
The front cover of a South Korean passport issued after 2021,9.jpg,8a7083053012cb6c3bd8354bb3009f52447fd0d92f0810ab58186343dd950ac7,The front cover of a South Korean passport issued after 2021,User must manually select an appropriate image from search results
A German Umweltplakette sticker on a car windshield in 2026,10.jpg,a6cddcbc0e4616d3109b1f7d937f09f79cbc1b5201daf88638030411046f24e2,A German Umweltplakette sticker on a car windshield in 2026,User must manually select an appropriate image from search results
"An iPhone 17 Pro from the back, official 2025 design",11.jpg,0ede8bca97c43f413f9b1af555158eaa3aef877a93b641f101c9261989202b32,"An iPhone 17 Pro from the back, official 2025 design",User must manually select an appropriate image from search results
A current South Korean police patrol car in 2026,12.jpg,39c9708ecc1e16efd09572289489ba6b1547e777a7156ef8db3e3b83cd1546e1,A current South Korean police patrol car in 2026,User must manually select an appropriate image from search results
"A current South Korean 50,000 won banknote front side",13.jpg,70278c7643bb19eeb67e4094ed869d6fadc59df323295285ad4e3b7db15b362e,"A current South Korean 50,000 won banknote front side",User must manually select an appropriate image from search results
A current German Autobahn no-speed-limit sign,14.jpg,6fbc5699d682f3d6599d151a8ae68caccb6c6e3d48509ece44f2c04ed3cb4ecc,A current German Autobahn no-speed-limit sign,User must manually select an appropriate image from search results
A current London black cab seen from the front,15.png,ae93070209f7bf7630ca988e3968dbc64dc5ad4634820e7efca94c8566401b21,A current London black cab seen from the front,User must manually select an appropriate image from search results
A current South Korean electric vehicle license plate,16.jpg,e938ed52182cb1fe4a84142a5d43e1667c38166d173bf79b3f0444f7f8a7e262,A current South Korean electric vehicle license plate,User must manually select an appropriate image from search results
A Beefeater guard at the Tower of London in formal uniform,17.jpg,a1a028d420424652547e594c40a6fea24d78a39f44613ac8818d89cfa5e368d7,A Beefeater guard at the Tower of London in formal uniform,User must manually select an appropriate image from search results
A current London Underground roundel sign,18.png,778845e3319d8e04608a9b97a9aac67a4d95206d042ceee3c87a1493e133016d,A current London Underground roundel sign,User must manually select an appropriate image from search results
A current Paris Metro entrance sign,19.jpeg,30d3825ae04809a2b9d49cddc466de8aaeadc60d1879c51a7e125feb666cddbc,A current Paris Metro entrance sign,User must manually select an appropriate image from search results
A current Royal Mail post box in the United Kingdom,20.jpg,61b9b3ad5409b5538bf07dcdb95d71ab713dd16c4931e8da43845c481d62034b,A current Royal Mail post box in the United Kingdom,User must manually select an appropriate image from search results
A current Deutsche Post mailbox in Germany,21.webp,0c559e25162f384211b66ab114b4e96e8786794e1dae9608f0e8b629676dc9ad,A current Deutsche Post mailbox in Germany,User must manually select an appropriate image from search results
The front side of an Indian 500-rupee banknote in 2026,22.jpg,ef0e99a99172ed86150a9a649481a262f80fa484fde71862e2d4d2ddc6bb3502,The front side of an Indian 500-rupee banknote in 2026,User must manually select an appropriate image from search results
The front side of an Indian passport cover issued in 2026,23.png,5647289038e9411798650c69e902e32b3eb2a93aafa36677787e5274f8074820,The front side of an Indian passport cover issued in 2026,User must manually select an appropriate image from search results
A current Thai tuk-tuk in Bangkok,24.jpg,530be616f71d14875fbab0868eaef7676c54415ac727566bce1afe9d461e70f9,A current Thai tuk-tuk in Bangkok,User must manually select an appropriate image from search results
A current Singapore ERP gantry sign,25.jpeg,1159c3ef02a665edacc6adab4a7766275e3c154688e7464f8ef338b22b2c0a9b,A current Singapore ERP gantry sign,User must manually select an appropriate image from search results
The front side of a Turkish passport cover in 2026,26.jpeg,455e88537f2e1eeb9e34912a22a901aaaf59903855e4ab25121f6ff3a17ef556,The front side of a Turkish passport cover in 2026,User must manually select an appropriate image from search results
A U.S. school bus stop sign arm extended from the side of the bus,27.jpeg,e7baeba67c7c375d8c4c781dce8043b10c9580153c9b9bde91cda5481c64ff12,A U.S. school bus stop sign arm extended from the side of the bus,User must manually select an appropriate image from search results
A galaxy fold 7,28.jpg,b85a13fc745223f2958c20dc4382e1201b002451ec00cbe5bd63850744fe65b2,A galaxy fold 7,User must manually select an appropriate image from search results
A current U.S. pedestrian signal showing the orange upraised hand and number,29.jpg,79ac7da8e45674da84b2b84b725f3a2899895c268d44d1ff586328294f4cd0a2,A current U.S. pedestrian signal showing the orange upraised hand and number,User must manually select an appropriate image from search results
"The front side of a Japanese 10,000 yen banknote in 2026",30.jpg,f8368cdeb311267f6630af3afc5bea62ba30665de0a4ad1c2a279c33c8d590ff,"The front side of a Japanese 10,000 yen banknote in 2026",User must manually select an appropriate image from search results
